antofagasta
arica-y-parinacota
atacama
aysen
biobio
coquimbo
la-araucania
bernardo-ohiggins
los-lagos
de-los-rios
magallanes-y-antartica-chilena
maule
alhue-metropolitana
buin-metropolitana
calera-de-tango-metropolitana
cerrillos-metropolitana
cerro-navia-metropolitana
conchali-metropolitana
colina-metropolitana
curacavi-metropolitana
el-bosque-metropolitana
el-monte-metropolitana
huechuraba-metropolitana
independencia-metropolitana
isla-de-maipo-metropolitana
la-cisterna-metropolitana
la-florida-metropolitana
la-granja-metropolitana
la-pintana-metropolitana
la-reina-metropolitana
lampa-metropolitana
lo-espejo-metropolitana
lo-prado-metropolitana
macul-metropolitana
maipu-metropolitana
maria-pinto-metropolitana
melipilla-metropolitana
padre-hurtado-metropolitana
paine-metropolitana
pedro-aguirre-cerda-metropolitana
penaflor-metropolitana
penalolen-metropolitana
pirque-metropolitana
pudahuel-metropolitana
puente-alto-metropolitana
quilicura-metropolitana
quinta-normal-metropolitana
recoleta-metropolitana
renca-metropolitana
san-bernardo-metropolitana
san-joaquin-metropolitana
san-jose-de-maipo-metropolitana
san-pedro-metropolitana
san-ramon-metropolitana
talagante-metropolitana
bulnes-santiago-santiago-metropolitana
barrio-brasil-santiago-santiago-metropolitana
parque-ohiggins-santiago-santiago-metropolitana
barrio-brasil-santiago-santiago-metropolitana
barrio-lastarria-santiago-santiago-metropolitana
barrio-republica-santiago-santiago-metropolitana
barrio-republica-santiago-santiago-metropolitana
barrio-yungay-santiago-santiago-metropolitana
bogota-sierra-bella-santiago-santiago-metropolitana
club-hipico-santiago-santiago-metropolitana
franklin-biobio-santiago-santiago-metropolitana
santa-isabel-santiago-santiago-metropolitana
barrio-el-golf-las-condes-santiago-metropolitana
rotonda-atenas-las-condes-santiago-metropolitana
metro-escuela-militar-las-condes-santiago-metropolitana\
parque-arauco-las-condes-santiago-metropolitana
alto-las-condes-santiago-metropolitana
centro-financiero-las-condes-santiago-metropolitana
amapolas-nunoa-santiago-metropolitana
estadio-nacional-nunoa-santiago-metropolitana
juan-gomez-millas-nunoa-santiago-metropolitana
metro-irarrazaval-nunoa-santiago-metropolitana
metro-tobalaba-mall-costanera-providencia-santiago-metropolitana
pedro-de-valdivia-norte-providencia-santiago-metropolitana
plaza-italia-providencia-santiago-metropolitana
salvador-providencia-santiago-metropolitana
las-lilas-providencia-santiago-metropolitana
los-leones-providencia-santiago-metropolitana
ines-de-suarez-providencia-santiago-metropolitana
pedro-de-valdivia-providencia-santiago-metropolitana
campus-oriente-providencia-santiago-metropolitana
barrio-italia-providencia-santiago-metropolitana
bellavista-providencia-santiago-metropolitana
manuel-montt-providencia-santiago-metropolitana
metro-bilbao-providencia-santiago-metropolitana
parque-bicentenario-vitacura-santiago-metropolitana
pio-xi-vitacura-santiago-metropolitana
lo-curro-vitacura-santiago-metropolitana
santa-maria-de-manquehue-vitacura-santiago-metropolitana
la-llaveria-vitacura-santiago-metropolitana
borde-rio-casa-piedra-vitacura-santiago-metropolitana
estadio-manquehue-vitacura-santiago-metropolitana
jardin-del-este-vitacura-santiago-metropolitana
estadio-manquehue-vitacura-santiago-metropolitana
tabancura-vitacura-santiago-metropolitana
tarapaca
valparaiso-valparaiso
renaca-vina-del-mar-valparaiso-valparaiso
libertad-vina-del-mar-valparaiso-valparaiso
centro-de-vina-del-mar-valparaiso-valparaiso
agua-santa-vina-del-mar-valparaiso-valparaiso
recreo-vina-del-mar-valparaiso-valparaiso
puchuncavi-valparaiso
zapallar-valparaiso
quilpue-valparaiso
villa-alemana-valparaiso
santo-domingo-valparaiso
algarrobo-valparaiso
cabildo-valparaiso
calera-valparaiso
calle-larga-valparaiso
cartagena-valparaiso
casablanca-valparaiso
catemu-valparaiso
el-quisco-valparaiso
el-tabo-valparaiso
juan-fernandez-valparaiso
la-cruz-valparaiso
la-ligua-valparaiso
limache-valparaiso
los-Andes-valparaiso
nogales-valparaiso
olmue-valparaiso
papudo-valparaiso
quillota-valparaiso
quintero-valparaiso
rinconada-valparaiso
san-antonio-valparaiso
san-esteban-valparaiso
san-felipe-valparaiso
santa-maria-valparaiso
nuble